Model,R² Score,MAE (%),RMSE (%),MAPE (%),Top-5 Acc (%)
Random Forest,0.2010448524841476,7.464775955726307,27.569564534669123,0.8467953303605064,0.0
Gradient Boosting,0.12643169840561697,8.526468109849523,28.828174366882994,0.950205561601122,0.0
XGBoost,0.11760197387332261,8.663499222903917,28.97350064279478,0.9622224166715163,0.0
