Model,R² Score,MAE (%),RMSE (%),MAPE (%),Top-5 Acc (%)
Gradient Boosting,0.920992299937474,3370.831295374528,7036.001371790133,25.70598026341276,20.0
XGBoost,0.9207084082897946,3406.9587929912964,7048.630969347216,26.346960126328256,20.0
Random Forest,0.888773500522991,4293.640885090108,8348.247966280225,41.5073339044,20.0
