r2,rmse,mae,mape
0.9937273653018549,2.4961992552780496,1.802569961748759,6.205741157628282
