Model,R² Score,MAE (%),RMSE (%),MAPE (%),Top-5 Acc (%)
Gradient Boosting,0.19702165111190273,8.074673442878767,27.638891722007457,0.9054994981818223,0.0
Random Forest,0.19053491076264217,7.6772896352039455,27.75030548874164,0.8725451384076229,0.0
XGBoost,0.18326000279417298,8.314867341116573,27.874726762040748,0.9320636440403339,0.0
