Model,R² Score,MAE (%),RMSE (%)
Gradient Boosting,0.9075059982298539,3645.1381997470107,8095.416170551002
Random Forest,0.906684789658622,3559.9814177889025,8131.274356118592
XGBoost,0.9038788657934794,3647.008110356329,8252.619817964362
